NAME,EMAIL,PHONE
Mrs Sofia Thomsen,sofia.thomsen@example.com,35793068
Mrs Regina Hicks,regina.hicks@example.com,(217)-290-5033
Mr Claude Meehan,claude.meehan@example.com,051-510-7513
Mr Arttu Autio,arttu.autio@example.com,08-006-497
Mr David Jean,david.jean@example.com,01-63-22-81-84
Ms Ece Topçuoğlu,ece.topcuoglu@example.com,(960)-903-8974
Mr Aatu Erkkila,aatu.erkkila@example.com,03-410-545
Mr Ramon Ferrer,ramon.ferrer@example.com,982-673-589
Monsieur Julien Joly,julien.joly@example.com,076 507 89 61
Miss Linnea Pesola,linnea.pesola@example.com,07-091-999
Mrs Katrine Thingstad,katrine.thingstad@example.com,36467880
Mr Nathan Gramstad,nathan.gramstad@example.com,73621783
Mr آراد سالاری,ard.slry@example.com,034-52144569
Mr Stanley Foster,stanley.foster@example.com,(108)-943-3889
Ms Ella Fisher,ella.fisher@example.com,06-4048-9605
Miss Benita Plath,benita.plath@example.com,0667-7232777
Mr Gerard Behm,gerard.behm@example.com,0899-3651776
Mr Philip May,philip.may@example.com,07-4905-9073
Mrs Linnea Wainio,linnea.wainio@example.com,06-800-959
Mrs Annette Blechschmidt,annette.blechschmidt@example.com,0722-2509536
